"DateTime","Players"
"2026-02-01 00:00:00",8047
"2026-02-01 01:00:00",6575
"2026-02-01 02:00:00",4856
"2026-02-01 03:00:00",2981
"2026-02-01 04:00:00",1858
"2026-02-01 05:00:00",1143
"2026-02-01 06:00:00",845
"2026-02-01 07:00:00",715
"2026-02-01 08:00:00",1264
"2026-02-01 09:00:00",2195
"2026-02-01 10:00:00",3580
"2026-02-01 11:00:00",4882
"2026-02-01 12:00:00",6085
"2026-02-01 13:00:00",7336
"2026-02-01 14:00:00",7928
"2026-02-01 15:00:00",8403
"2026-02-01 16:00:00",8677
"2026-02-01 17:00:00",8584
"2026-02-01 18:00:00",8707
"2026-02-01 19:00:00",9077
"2026-02-01 20:00:00",9402
"2026-02-01 21:00:00",9852
"2026-02-01 22:00:00",8815
"2026-02-01 23:00:00",6447
"2026-02-02 00:00:00",4622
"2026-02-02 01:00:00",3044
"2026-02-02 02:00:00",1946
"2026-02-02 03:00:00",1274
"2026-02-02 04:00:00",787
"2026-02-02 05:00:00",539
"2026-02-02 06:00:00",437
"2026-02-02 07:00:00",597
"2026-02-02 08:00:00",948
"2026-02-02 09:00:00",1067
"2026-02-02 10:00:00",1295
"2026-02-02 11:00:00",1648
"2026-02-02 12:00:00",2067
"2026-02-02 13:00:00",2186
"2026-02-02 14:00:00",2495
"2026-02-02 15:00:00",2760
"2026-02-02 16:00:00",4133
"2026-02-02 17:00:00",5244
"2026-02-02 18:00:00",6311
"2026-02-02 19:00:00",7367
"2026-02-02 20:00:00",8447
"2026-02-02 21:00:00",8634
"2026-02-02 22:00:00",7760
"2026-02-02 23:00:00",5637
"2026-02-03 00:00:00",3878
"2026-02-03 01:00:00",2479
"2026-02-03 02:00:00",1502
"2026-02-03 03:00:00",964
"2026-02-03 04:00:00",628
"2026-02-03 05:00:00",513
"2026-02-03 06:00:00",411
"2026-02-03 07:00:00",665
"2026-02-03 08:00:00",944
"2026-02-03 09:00:00",841
"2026-02-03 10:00:00",1145
"2026-02-03 11:00:00",1329
"2026-02-03 12:00:00",1487
"2026-02-03 13:00:00",1830
"2026-02-03 14:00:00",1888
"2026-02-03 15:00:00",2236
"2026-02-03 16:00:00",3359
"2026-02-03 17:00:00",4699
"2026-02-03 18:00:00",5126
"2026-02-03 19:00:00",6942
"2026-02-03 20:00:00",8088
"2026-02-03 21:00:00",8347
"2026-02-03 22:00:00",7447
"2026-02-03 23:00:00",5315
"2026-02-04 00:00:00",3516
"2026-02-04 01:00:00",2406
"2026-02-04 02:00:00",1394
"2026-02-04 03:00:00",828
"2026-02-04 04:00:00",581
"2026-02-04 05:00:00",407
"2026-02-04 06:00:00",406
"2026-02-04 07:00:00",621
"2026-02-04 08:00:00",979
"2026-02-04 09:00:00",853
"2026-02-04 10:00:00",968
"2026-02-04 11:00:00",1075
"2026-02-04 12:00:00",1400
"2026-02-04 13:00:00",1508
"2026-02-04 14:00:00",1638
"2026-02-04 15:00:00",2018
"2026-02-04 16:00:00",3117
"2026-02-04 17:00:00",4725
"2026-02-04 18:00:00",5793
"2026-02-04 19:00:00",6758
"2026-02-04 20:00:00",7539
"2026-02-04 21:00:00",7759
"2026-02-04 22:00:00",6651
"2026-02-04 23:00:00",4840
"2026-02-05 00:00:00",3359
"2026-02-05 01:00:00",2051
"2026-02-05 02:00:00",1258
"2026-02-05 03:00:00",745
"2026-02-05 04:00:00",558
"2026-02-05 05:00:00",407
"2026-02-05 06:00:00",374
"2026-02-05 07:00:00",631
"2026-02-05 08:00:00",949
"2026-02-05 09:00:00",771
"2026-02-05 10:00:00",788
"2026-02-05 11:00:00",933
"2026-02-05 12:00:00",1090
"2026-02-05 13:00:00",1195
"2026-02-05 14:00:00",1378
"2026-02-05 15:00:00",1723
"2026-02-05 16:00:00",2968
"2026-02-05 17:00:00",4385
"2026-02-05 18:00:00",5390
"2026-02-05 19:00:00",6251
"2026-02-05 20:00:00",7469
"2026-02-05 21:00:00",7841
"2026-02-05 22:00:00",6678
"2026-02-05 23:00:00",4936
"2026-02-06 00:00:00",3470
"2026-02-06 01:00:00",2250
"2026-02-06 02:00:00",1475
"2026-02-06 03:00:00",909
"2026-02-06 04:00:00",605
"2026-02-06 05:00:00",468
"2026-02-06 06:00:00",500
"2026-02-06 07:00:00",654
"2026-02-06 08:00:00",932
"2026-02-06 09:00:00",973
"2026-02-06 10:00:00",1099
"2026-02-06 11:00:00",1339
"2026-02-06 12:00:00",1422
"2026-02-06 13:00:00",1488
"2026-02-06 14:00:00",1763
"2026-02-06 15:00:00",2250
"2026-02-06 16:00:00",3489
"2026-02-06 17:00:00",4784
"2026-02-06 18:00:00",5824
"2026-02-06 19:00:00",6431
"2026-02-06 20:00:00",7396
"2026-02-06 21:00:00",8585
"2026-02-06 22:00:00",8892
"2026-02-06 23:00:00",8124
"2026-02-07 00:00:00",6853
"2026-02-07 01:00:00",4963
"2026-02-07 02:00:00",3207
"2026-02-07 03:00:00",1862
"2026-02-07 04:00:00",1191
"2026-02-07 05:00:00",755
"2026-02-07 06:00:00",590
"2026-02-07 07:00:00",700
"2026-02-07 08:00:00",1285
"2026-02-07 09:00:00",2310
"2026-02-07 10:00:00",3409
"2026-02-07 11:00:00",4546
"2026-02-07 12:00:00",4927
"2026-02-07 13:00:00",5320
"2026-02-07 14:00:00",5875
"2026-02-07 15:00:00",5154
"2026-02-07 16:00:00",6265
"2026-02-07 17:00:00",6724
"2026-02-07 18:00:00",6550
"2026-02-07 19:00:00",6684
"2026-02-07 20:00:00",7523
"2026-02-07 21:00:00",8557
"2026-02-07 22:00:00",8995
"2026-02-07 23:00:00",8022
"2026-02-08 00:00:00",7201
"2026-02-08 01:00:00",5541
"2026-02-08 02:00:00",3812
"2026-02-08 03:00:00",2515
"2026-02-08 04:00:00",1593
"2026-02-08 05:00:00",923
"2026-02-08 06:00:00",661
"2026-02-08 07:00:00",651
"2026-02-08 08:00:00",1126
"2026-02-08 09:00:00",2101
"2026-02-08 10:00:00",3400
"2026-02-08 11:00:00",4772
"2026-02-08 12:00:00",5521
"2026-02-08 13:00:00",6214
"2026-02-08 14:00:00",6764
"2026-02-08 15:00:00",7518
"2026-02-08 16:00:00",7746
"2026-02-08 17:00:00",7558
"2026-02-08 18:00:00",6763
"2026-02-08 19:00:00",4708
"2026-02-08 20:00:00",5629
"2026-02-08 21:00:00",5929
"2026-02-08 22:00:00",5398
"2026-02-08 23:00:00",5084
"2026-02-09 00:00:00",4285
"2026-02-09 01:00:00",2809
"2026-02-09 02:00:00",1884
"2026-02-09 03:00:00",1180
"2026-02-09 04:00:00",742
"2026-02-09 05:00:00",557
"2026-02-09 06:00:00",446
"2026-02-09 07:00:00",539
"2026-02-09 08:00:00",816
"2026-02-09 09:00:00",810
"2026-02-09 10:00:00",894
"2026-02-09 11:00:00",1156
"2026-02-09 12:00:00",1532
"2026-02-09 13:00:00",1710
"2026-02-09 14:00:00",1906
"2026-02-09 15:00:00",2357
"2026-02-09 16:00:00",3504
"2026-02-09 17:00:00",4803
"2026-02-09 18:00:00",5664
"2026-02-09 19:00:00",6791
"2026-02-09 20:00:00",7647
"2026-02-09 21:00:00",7908
"2026-02-09 22:00:00",6685
"2026-02-09 23:00:00",4749
"2026-02-10 00:00:00",3287
"2026-02-10 01:00:00",2040
"2026-02-10 02:00:00",1208
"2026-02-10 03:00:00",746
"2026-02-10 04:00:00",515
"2026-02-10 05:00:00",373
"2026-02-10 06:00:00",400
"2026-02-10 07:00:00",597
"2026-02-10 08:00:00",828
"2026-02-10 09:00:00",729
"2026-02-10 10:00:00",676
"2026-02-10 11:00:00",788
"2026-02-10 12:00:00",907
"2026-02-10 13:00:00",1023
"2026-02-10 14:00:00",1177
"2026-02-10 15:00:00",1595
"2026-02-10 16:00:00",2507
"2026-02-10 17:00:00",3848
"2026-02-10 18:00:00",4299
"2026-02-10 19:00:00",5117
"2026-02-10 20:00:00",7030
"2026-02-10 21:00:00",7468
"2026-02-10 22:00:00",6474
"2026-02-10 23:00:00",4660
"2026-02-11 00:00:00",3070
"2026-02-11 01:00:00",1919
"2026-02-11 02:00:00",1085
"2026-02-11 03:00:00",679
"2026-02-11 04:00:00",506
"2026-02-11 05:00:00",372
"2026-02-11 06:00:00",325
"2026-02-11 07:00:00",606
"2026-02-11 08:00:00",868
"2026-02-11 09:00:00",681
"2026-02-11 10:00:00",653
"2026-02-11 11:00:00",837
"2026-02-11 12:00:00",876
"2026-02-11 13:00:00",1011
"2026-02-11 14:00:00",1220
"2026-02-11 15:00:00",1528
"2026-02-11 16:00:00",2680
"2026-02-11 17:00:00",4116
"2026-02-11 18:00:00",5250
"2026-02-11 19:00:00",5777
"2026-02-11 20:00:00",6559
"2026-02-11 21:00:00",6968
"2026-02-11 22:00:00",6110
"2026-02-11 23:00:00",4442
"2026-02-12 00:00:00",2936
"2026-02-12 01:00:00",1965
"2026-02-12 02:00:00",1211
"2026-02-12 03:00:00",676
"2026-02-12 04:00:00",441
"2026-02-12 05:00:00",406
"2026-02-12 06:00:00",337
"2026-02-12 07:00:00",579
"2026-02-12 08:00:00",847
"2026-02-12 09:00:00",706
"2026-02-12 10:00:00",741
"2026-02-12 11:00:00",901
"2026-02-12 12:00:00",968
"2026-02-12 13:00:00",1079
"2026-02-12 14:00:00",1246
"2026-02-12 15:00:00",1591
"2026-02-12 16:00:00",2685
"2026-02-12 17:00:00",3899
"2026-02-12 18:00:00",4956
"2026-02-12 19:00:00",5671
"2026-02-12 20:00:00",6872
"2026-02-12 21:00:00",7288
"2026-02-12 22:00:00",6705
"2026-02-12 23:00:00",5348
"2026-02-13 00:00:00",3846
"2026-02-13 01:00:00",2739
"2026-02-13 02:00:00",1600
"2026-02-13 03:00:00",1043
"2026-02-13 04:00:00",593
"2026-02-13 05:00:00",469
"2026-02-13 06:00:00",417
"2026-02-13 07:00:00",633
"2026-02-13 08:00:00",939
"2026-02-13 09:00:00",1151
"2026-02-13 10:00:00",1569
"2026-02-13 11:00:00",1949
"2026-02-13 12:00:00",2337
"2026-02-13 13:00:00",2431
"2026-02-13 14:00:00",2726
"2026-02-13 15:00:00",3105
"2026-02-13 16:00:00",3868
"2026-02-13 17:00:00",4789
"2026-02-13 18:00:00",5065
"2026-02-13 19:00:00",6102
"2026-02-13 20:00:00",6939
"2026-02-13 21:00:00",7684
"2026-02-13 22:00:00",8181
"2026-02-13 23:00:00",7570
"2026-02-14 00:00:00",6168
"2026-02-14 01:00:00",4752
"2026-02-14 02:00:00",3267
"2026-02-14 03:00:00",2074
"2026-02-14 04:00:00",1249
"2026-02-14 05:00:00",769
"2026-02-14 06:00:00",541
"2026-02-14 07:00:00",766
"2026-02-14 08:00:00",1300
"2026-02-14 09:00:00",2212
"2026-02-14 10:00:00",3451
"2026-02-14 11:00:00",4309
"2026-02-14 12:00:00",4806
"2026-02-14 13:00:00",5327
"2026-02-14 14:00:00",5404
"2026-02-14 15:00:00",5052
"2026-02-14 16:00:00",5395
"2026-02-14 17:00:00",6112
"2026-02-14 18:00:00",6113
"2026-02-14 19:00:00",6498
"2026-02-14 20:00:00",7214
"2026-02-14 21:00:00",7963
"2026-02-14 22:00:00",8418
"2026-02-14 23:00:00",8089
"2026-02-15 00:00:00",6466
"2026-02-15 01:00:00",4888
"2026-02-15 02:00:00",3491
"2026-02-15 03:00:00",2311
"2026-02-15 04:00:00",1350
"2026-02-15 05:00:00",808
"2026-02-15 06:00:00",578
"2026-02-15 07:00:00",598
"2026-02-15 08:00:00",1106
"2026-02-15 09:00:00",2117
"2026-02-15 10:00:00",3219
"2026-02-15 11:00:00",4223
"2026-02-15 12:00:00",5176
"2026-02-15 13:00:00",5884
"2026-02-15 14:00:00",6145
"2026-02-15 15:00:00",6221
"2026-02-15 16:00:00",6442
"2026-02-15 17:00:00",6686
"2026-02-15 18:00:00",6609
"2026-02-15 19:00:00",7292
"2026-02-15 20:00:00",7967
"2026-02-15 21:00:00",9060
"2026-02-15 22:00:00",8983
"2026-02-15 23:00:00",8180
"2026-02-16 00:00:00",6934
"2026-02-16 01:00:00",5272
"2026-02-16 02:00:00",3668
"2026-02-16 03:00:00",2446
"2026-02-16 04:00:00",1501
"2026-02-16 05:00:00",885
"2026-02-16 06:00:00",660
"2026-02-16 07:00:00",619
"2026-02-16 08:00:00",1061
"2026-02-16 09:00:00",2058
"2026-02-16 10:00:00",3233
"2026-02-16 11:00:00",4460
"2026-02-16 12:00:00",5278
"2026-02-16 13:00:00",6061
"2026-02-16 14:00:00",6303
"2026-02-16 15:00:00",6630
"2026-02-16 16:00:00",6737
"2026-02-16 17:00:00",6553
"2026-02-16 18:00:00",6818
"2026-02-16 19:00:00",7377
"2026-02-16 20:00:00",7702
"2026-02-16 21:00:00",8207
"2026-02-16 22:00:00",7255
"2026-02-16 23:00:00",5479
"2026-02-17 00:00:00",4029
"2026-02-17 01:00:00",2687
"2026-02-17 02:00:00",1722
"2026-02-17 03:00:00",1055
"2026-02-17 04:00:00",765
"2026-02-17 05:00:00",521
"2026-02-17 06:00:00",460
"2026-02-17 07:00:00",559
"2026-02-17 08:00:00",874
"2026-02-17 09:00:00",1051
"2026-02-17 10:00:00",1276
"2026-02-17 11:00:00",1600
"2026-02-17 12:00:00",2029
"2026-02-17 13:00:00",2198
"2026-02-17 14:00:00",2356
"2026-02-17 15:00:00",2650
"2026-02-17 16:00:00",3307
"2026-02-17 17:00:00",4276
"2026-02-17 18:00:00",4314
"2026-02-17 19:00:00",5738
"2026-02-17 20:00:00",6650
"2026-02-17 21:00:00",7713
"2026-02-17 22:00:00",6541
"2026-02-17 23:00:00",5152
"2026-02-18 00:00:00",3400
"2026-02-18 01:00:00",2280
"2026-02-18 02:00:00",1488
"2026-02-18 03:00:00",927
"2026-02-18 04:00:00",548
"2026-02-18 05:00:00",421
"2026-02-18 06:00:00",373
"2026-02-18 07:00:00",547
"2026-02-18 08:00:00",799
"2026-02-18 09:00:00",857
"2026-02-18 10:00:00",986
"2026-02-18 11:00:00",1311
"2026-02-18 12:00:00",1484
"2026-02-18 13:00:00",1635
"2026-02-18 14:00:00",1909
"2026-02-18 15:00:00",2133
"2026-02-18 16:00:00",2948
"2026-02-18 17:00:00",3949
"2026-02-18 18:00:00",4783
"2026-02-18 19:00:00",5453
"2026-02-18 20:00:00",6442
"2026-02-18 21:00:00",7072
"2026-02-18 22:00:00",6186
"2026-02-18 23:00:00",4750
"2026-02-19 00:00:00",3263
"2026-02-19 01:00:00",2125
"2026-02-19 02:00:00",1395
"2026-02-19 03:00:00",863
"2026-02-19 04:00:00",606
"2026-02-19 05:00:00",402
"2026-02-19 06:00:00",351
"2026-02-19 07:00:00",601
"2026-02-19 08:00:00",830
"2026-02-19 09:00:00",847
"2026-02-19 10:00:00",1012
"2026-02-19 11:00:00",1185
"2026-02-19 12:00:00",1361
"2026-02-19 13:00:00",1569
"2026-02-19 14:00:00",1732
"2026-02-19 15:00:00",1890
"2026-02-19 16:00:00",2800
"2026-02-19 17:00:00",3735
"2026-02-19 18:00:00",4557
"2026-02-19 19:00:00",5446
"2026-02-19 20:00:00",6133
"2026-02-19 21:00:00",6634
"2026-02-19 22:00:00",6002
"2026-02-19 23:00:00",4706
"2026-02-20 00:00:00",3234
"2026-02-20 01:00:00",2253
"2026-02-20 02:00:00",1515
"2026-02-20 03:00:00",938
"2026-02-20 04:00:00",644
"2026-02-20 05:00:00",473
"2026-02-20 06:00:00",391
"2026-02-20 07:00:00",637
"2026-02-20 08:00:00",810
"2026-02-20 09:00:00",905
"2026-02-20 10:00:00",1071
"2026-02-20 11:00:00",1416
"2026-02-20 12:00:00",1581
"2026-02-20 13:00:00",1822
"2026-02-20 14:00:00",2061
"2026-02-20 15:00:00",2354
"2026-02-20 16:00:00",3110
"2026-02-20 17:00:00",4020
"2026-02-20 18:00:00",4729
"2026-02-20 19:00:00",5447
"2026-02-20 20:00:00",6450
"2026-02-20 21:00:00",7411
"2026-02-20 22:00:00",7815
"2026-02-20 23:00:00",7305
"2026-02-21 00:00:00",5995
"2026-02-21 01:00:00",4356
"2026-02-21 02:00:00",2960
"2026-02-21 03:00:00",1848
"2026-02-21 04:00:00",1225
"2026-02-21 05:00:00",726
"2026-02-21 06:00:00",514
"2026-02-21 07:00:00",570
"2026-02-21 08:00:00",1014
"2026-02-21 09:00:00",1949
"2026-02-21 10:00:00",2711
"2026-02-21 11:00:00",3720
"2026-02-21 12:00:00",4161
"2026-02-21 13:00:00",4575
"2026-02-21 14:00:00",4765
"2026-02-21 15:00:00",4596
"2026-02-21 16:00:00",5135
"2026-02-21 17:00:00",5195
"2026-02-21 18:00:00",5352
"2026-02-21 19:00:00",5815
"2026-02-21 20:00:00",6197
"2026-02-21 21:00:00",6761
"2026-02-21 22:00:00",7368
"2026-02-21 23:00:00",6926
"2026-02-22 00:00:00",6114
"2026-02-22 01:00:00",4628
"2026-02-22 02:00:00",3334
"2026-02-22 03:00:00",2249
"2026-02-22 04:00:00",1493
"2026-02-22 05:00:00",817
"2026-02-22 06:00:00",598
"2026-02-22 07:00:00",546
"2026-02-22 08:00:00",946
"2026-02-22 09:00:00",1777
"2026-02-22 10:00:00",2705
"2026-02-22 11:00:00",3518
"2026-02-22 12:00:00",4485
"2026-02-22 13:00:00",4973
"2026-02-22 14:00:00",5569
"2026-02-22 15:00:00",5691
"2026-02-22 16:00:00",6078
"2026-02-22 17:00:00",6275
"2026-02-22 18:00:00",6267
"2026-02-22 19:00:00",6602
"2026-02-22 20:00:00",7006
"2026-02-22 21:00:00",7475
"2026-02-22 22:00:00",6643
"2026-02-22 23:00:00",5148
"2026-02-23 00:00:00",3516
"2026-02-23 01:00:00",2546
"2026-02-23 02:00:00",1542
"2026-02-23 03:00:00",921
"2026-02-23 04:00:00",604
"2026-02-23 05:00:00",408
"2026-02-23 06:00:00",359
"2026-02-23 07:00:00",497
"2026-02-23 08:00:00",844
"2026-02-23 09:00:00",986
"2026-02-23 10:00:00",1237
"2026-02-23 11:00:00",1565
"2026-02-23 12:00:00",1797
"2026-02-23 13:00:00",2059
"2026-02-23 14:00:00",2241
"2026-02-23 15:00:00",2434
"2026-02-23 16:00:00",3175
"2026-02-23 17:00:00",4009
"2026-02-23 18:00:00",4902
"2026-02-23 19:00:00",5319
"2026-02-23 20:00:00",6217
"2026-02-23 21:00:00",6522
"2026-02-23 22:00:00",5842
"2026-02-23 23:00:00",4181
"2026-02-24 00:00:00",2977
"2026-02-24 01:00:00",1762
"2026-02-24 02:00:00",1183
"2026-02-24 03:00:00",754
"2026-02-24 04:00:00",471
"2026-02-24 05:00:00",375
"2026-02-24 06:00:00",306
"2026-02-24 07:00:00",539
"2026-02-24 08:00:00",771
"2026-02-24 09:00:00",810
"2026-02-24 10:00:00",866
"2026-02-24 11:00:00",974
"2026-02-24 12:00:00",1227
"2026-02-24 13:00:00",1266
"2026-02-24 14:00:00",1468
"2026-02-24 15:00:00",1739
"2026-02-24 16:00:00",2559
"2026-02-24 17:00:00",3352
"2026-02-24 18:00:00",3630
"2026-02-24 19:00:00",4964
"2026-02-24 20:00:00",5599
"2026-02-24 21:00:00",6002
"2026-02-24 22:00:00",5079
"2026-02-24 23:00:00",3817
"2026-02-25 00:00:00",2407
"2026-02-25 01:00:00",1510
"2026-02-25 02:00:00",924
"2026-02-25 03:00:00",639
"2026-02-25 04:00:00",386
"2026-02-25 05:00:00",305
"2026-02-25 06:00:00",262
"2026-02-25 07:00:00",515
"2026-02-25 08:00:00",740
"2026-02-25 09:00:00",642
"2026-02-25 10:00:00",669
"2026-02-25 11:00:00",724
"2026-02-25 12:00:00",865
"2026-02-25 13:00:00",1021
"2026-02-25 14:00:00",947
"2026-02-25 15:00:00",1346
"2026-02-25 16:00:00",2141
"2026-02-25 17:00:00",3044
"2026-02-25 18:00:00",3896
"2026-02-25 19:00:00",4655
"2026-02-25 20:00:00",5327
"2026-02-25 21:00:00",5840
"2026-02-25 22:00:00",4723
"2026-02-25 23:00:00",3463
"2026-02-26 00:00:00",2348
"2026-02-26 01:00:00",1454
"2026-02-26 02:00:00",891
"2026-02-26 03:00:00",588
"2026-02-26 04:00:00",402
"2026-02-26 05:00:00",322
"2026-02-26 08:00:00",691
"2026-02-26 09:00:00",532
"2026-02-26 10:00:00",582
"2026-02-26 11:00:00",645
"2026-02-26 12:00:00",737
"2026-02-26 13:00:00",787
"2026-02-26 15:00:00",1156
"2026-02-26 16:00:00",1828
"2026-02-26 17:00:00",2994
"2026-02-26 18:00:00",3635
"2026-02-26 19:00:00",4380
"2026-02-26 20:00:00",5228
"2026-02-26 21:00:00",5395
"2026-02-26 22:00:00",4679
"2026-02-26 23:00:00",3583
"2026-02-27 00:00:00",2340
"2026-02-27 01:00:00",1632
"2026-02-27 02:00:00",1055
"2026-02-27 03:00:00",662
"2026-02-27 04:00:00",447
"2026-02-27 05:00:00",328
"2026-02-27 06:00:00",310
"2026-02-27 07:00:00",526
"2026-02-27 08:00:00",679
"2026-02-27 09:00:00",639
"2026-02-27 10:00:00",761
"2026-02-27 11:00:00",943
"2026-02-27 12:00:00",1020
"2026-02-27 13:00:00",1067
"2026-02-27 14:00:00",1199
"2026-02-27 15:00:00",1471
"2026-02-27 16:00:00",2252
"2026-02-27 17:00:00",3259
"2026-02-27 18:00:00",3768
"2026-02-27 19:00:00",4438
"2026-02-27 20:00:00",4832
"2026-02-27 21:00:00",5841
"2026-02-27 22:00:00",6127
"2026-02-27 23:00:00",5910
"2026-02-28 00:00:00",4670
"2026-02-28 01:00:00",3280
"2026-02-28 02:00:00",2285
"2026-02-28 03:00:00",1373
"2026-02-28 04:00:00",905
"2026-02-28 05:00:00",570
"2026-02-28 06:00:00",444
"2026-02-28 07:00:00",572
"2026-02-28 08:00:00",1044
"2026-02-28 09:00:00",1755
"2026-02-28 10:00:00",2522
"2026-02-28 11:00:00",3431
"2026-02-28 12:00:00",3688
"2026-02-28 13:00:00",3853
"2026-02-28 14:00:00",3966
"2026-02-28 15:00:00",3617
"2026-02-28 16:00:00",4225
"2026-02-28 17:00:00",4366
"2026-02-28 18:00:00",4135
"2026-02-28 19:00:00",4620
"2026-02-28 20:00:00",5177
"2026-02-28 21:00:00",5648
"2026-02-28 22:00:00",6064
"2026-02-28 23:00:00",5803
"2026-03-01 00:00:00",4668
"2026-03-01 01:00:00",3771
"2026-03-01 02:00:00",2639
"2026-03-01 03:00:00",1768
"2026-03-01 04:00:00",1111
"2026-03-01 05:00:00",643
"2026-03-01 06:00:00",492
"2026-03-01 07:00:00",478
"2026-03-01 08:00:00",1003
"2026-03-01 09:00:00",1696
"2026-03-01 10:00:00",2353
"2026-03-01 11:00:00",3263
"2026-03-01 12:00:00",3769
"2026-03-01 13:00:00",4253
"2026-03-01 14:00:00",4542
"2026-03-01 15:00:00",4495
"2026-03-01 16:00:00",4617
"2026-03-01 17:00:00",4682
"2026-03-01 18:00:00",4787
"2026-03-01 19:00:00",5329
"2026-03-01 20:00:00",5957
"2026-03-01 21:00:00",5870
"2026-03-01 22:00:00",4978
"2026-03-01 23:00:00",3507
"2026-03-02 00:00:00",2544
"2026-03-02 01:00:00",1575
"2026-03-02 02:00:00",990
"2026-03-02 03:00:00",591
"2026-03-02 04:00:00",432
"2026-03-02 05:00:00",312
"2026-03-02 06:00:00",279
"2026-03-02 07:00:00",478
"2026-03-02 08:00:00",640
"2026-03-02 09:00:00",498
"2026-03-02 10:00:00",590
"2026-03-02 11:00:00",664
"2026-03-02 12:00:00",773
"2026-03-02 13:00:00",848
"2026-03-02 14:00:00",946
"2026-03-02 15:00:00",1129
"2026-03-02 16:00:00",1845
"2026-03-02 17:00:00",2918
"2026-03-02 18:00:00",3709
"2026-03-02 19:00:00",4352
"2026-03-02 20:00:00",5141
"2026-03-02 21:00:00",5159
"2026-03-02 22:00:00",4416
"2026-03-02 23:00:00",3069
"2026-03-03 00:00:00",2185
"2026-03-03 01:00:00",1280
"2026-03-03 02:00:00",804
"2026-03-03 03:00:00",533
"2026-03-03 04:00:00",373
"2026-03-03 05:00:00",264
"2026-03-03 06:00:00",287
"2026-03-03 07:00:00",530